id,name,lat,lng
B0IK7RBSFG,小桔充电汽车充电站(建邺万达广场充电站),32.03243,118.734397
B0JR9GB4RZ,奥迪汽车充电站(南京建邺万达广场),32.032694,118.735437
B0JGUGEGML,奥迪汽车充电站(特来电奥迪充电站南京万达中心),32.032696,118.735435
B0L6F612LU,小鹏超级充电站(开放运营-小鹏S4超快充南京建邺万达站),32.032455,118.734344
B0L66K87QR,小桔充电汽车充电站(建邺万达地面停车场超充站),32.032592,118.734211
B0IKKGP7UK,保时捷汽车充电站(南京希尔顿酒店保时捷Turbo充电站),32.031002,118.738113
B0KKT9V3VN,保时捷汽车充电站(南京朗N希尔顿酒店保时捷Turbo超充站),32.031002,118.73811
B0JGALEMO0,云快充汽车充电站(电满满建邺万达),32.030604,118.73835
B0KK2K2V06,汽车充电站(金浦总部大厦),32.033842,118.733054
B0JAFGEYI7,小桔充电汽车充电站(南京鼓楼创新广场),32.032428,118.730988
B0FFM7MBN3,金盛国际家居江东门广场电动汽车充电站,32.03532,118.736191
B0JRDZ00R6,汽车充电站(柚子充南京鼓楼创新广场),32.033163,118.731183
B0KKFPN2BD,柚子充汽车充电站(柚子充南京鼓楼创新广场充电站),32.03316,118.731186
B0K2RD6JTJ,柚子充汽车充电站(柚子充鼓楼创新广场充电站),32.032475,118.730563
B0IU1L9V15,汽车充电站(柚子充鼓楼创新广场),32.032495,118.730259
B0I01908QV,星星充电汽车充电站(建邺吾悦广场桩群),32.036664,118.736024
B0K61STDXB,星星充电汽车充电站(建邺吾悦广场桩群),32.03633,118.73827
B0KU95HGL1,汽车充电站(柚子充南京鼓楼创新广场充电站),32.033674,118.729686
B0HK0DJ3O5,吾行南京建邺超级汽车充电站,32.037121,118.736073
B0JRPHIUP5,奥迪汽车充电站(南京建邺吾悦广场),32.037474,118.735808
B0J2T6ULEV,星星充电汽车充电站(南京建邺吾悦自营站地下车库B2层E区),32.037927,118.735011
B0L6ALWUPV,极氪能源超级充电站(南京吾悦广场建邺店极充站),32.03819,118.734665
B0JU6LOTYP,云快充汽车充电站(弘电e充・万达金街东区),32.033326,118.744359
B0KRSDB1WD,星星充电汽车充电站(星星充电-河西金鹰停车楼),32.023888,118.739491
B0KG1N0SK0,星星充电汽车充电站(金鹰世界店),32.024165,118.740773
B0JACDH4IX,星星充电汽车充电站(金鹰世界店),32.023417,118.740065
B0FFLHVHVR,特斯拉超级充电站(南京金鹰世界),32.023307,118.740266
B0IA2R6P63,保时捷汽车充电站(南京金鹰世界保时捷超级充电站),32.024132,118.741535
B0J6SU4MHM,保时捷汽车充电站(南京金鹰世界保时捷快充站),32.023315,118.74024
B0KK0PBSPC,云快充汽车充电站(仁E充南大苏富特),32.038369,118.729748
B0JKD78TG1,奥迪汽车充电站(南京金鹰世界),32.022596,118.739982
B0JDFRPABW,汽车充电站(鲸充建邺区云锦路站),32.024675,118.743947
B0J3L44K0N,柚子充汽车充电站(柚子充中石化集虹充电站),32.02732,118.74649
B0JUMH7TTN,南京易充汽车充电站(易充网建邺区天安花园路边站点),32.038274,118.744001
B0JDP6RGQH,汽车充电站(南京苏宁慧谷E08室内地下快充站),32.031794,118.724027
B0KR6BFDYH,中国石化汽车充电站(河西管委会充电站),32.020743,118.738624
B0KDDH7TXO,云快充汽车充电站(易运来),32.040064,118.729726
B0FFHRVAZA,易充电动汽车充电站(河西指挥部・河西大厦),32.021244,118.739269
B0K1TYOISZ,柚子充汽车充电站(柚子充南京市第一医院-河西院区充电站),32.02072,118.733505
B0FFL8AGVC,锦江花苑小区易充网电动汽车充电站,32.0415,118.7329
B0J2HP6GDH,汽车充电站(南京苏宁慧谷e08室内地下),32.032166,118.723305
B0K2DPA2NI,易小充汽车充电站(苏宁慧谷负二楼充电站),32.032303,118.72311
B0K1C69Q58,汽车充电站(鲸充鼓楼区凤凰西街站),32.040928,118.741516
B0K1LGAQID,昆仑网电汽车充电站(中国石油南京联创大厦充电站),32.034184,118.72296
B0IBUSEOTD,小鹏超级充电站(开放运营-小鹏S4超快充南京睿城慧谷苏宁广场站),32.032589,118.722417
B0G125L8DE,南京易充汽车充电站(易充网鼓楼区浦江路路边站点),32.042478,118.73453
B0KA6CEAKA,极氪能源超级充电站(南京乐基广场超充站),32.022896,118.74593
B0KKVLTQOY,蔚来能源汽车充电站(南京建邺湖西街),32.02695,118.74885
B0JUHRT45J,南京易充汽车充电站(易充网南京市鼓楼区凤凰花园城支行附近路边站点),32.041256,118.74328
B0K3VPOOF5,捷停车汽车充电站(南京苏宁慧谷E07室内地下快充站),32.032322,118.721756
B0J334K9M2,捷停车汽车充电站(南京苏宁慧谷E07室内地下充电站),32.032417,118.7218
B0IK3SLUEF,极氪能源汽车充电站(ZEEKR Power南京乐基广场超充站),32.022896,118.74593
B0HUK587E4,星星充电汽车充电站(南京星星中石化湖西街),32.022647,118.746051
B0JKXYLSM5,捷停车汽车充电站(南京苏宁慧谷E07室内地下),32.032322,118.721758
B0K6JKR47I,江苏鲸充汽车充电站(鲸充建邺区邻里中心站),32.020744,118.728
B0K2GKBI9L,国家电网汽车充电站(江苏省南京市建邺区月安街充电站),32.021104,118.726978
B0K3257LDX,星星充电汽车充电站(远程・金供新能源充换电示范中心站),32.036702,118.722533
B0K6O7Y32J,特来电汽车充电站(停未来苏交科集团大厦充电站),32.034086,118.750132
B0IUVLSDPK,壳牌充电汽车充电站(壳牌南京东宝路一期地面快充充电站),32.043712,118.732701
B0IUVLO3E5,壳牌充电汽车充电站(壳牌南京东宝路二期地面快充充电站),32.043718,118.732734
B0KUH65INZ,南京易充汽车充电站(易充网鼓楼区苏宁环球商贸城路边站点),32.043182,118.730606
B0FFLDPXWW,南京易充汽车充电站(易充网南京市建邺区南湖沿河街沿河社区旁路边站点),32.028297,118.750656
B0JRKNPFKP,南京易充汽车充电站(易充网建邺区华山路奥体新城翠杉园东路边站点),32.01986,118.72765
B0L6YOTSZ3,云快充汽车充电站(檀悦北苑负二层),32.037929,118.726139
B0HG35DVQU,小桔充电汽车充电站(南京浦江大厦),32.044677,118.735368
B0K24XH6JN,特来电汽车充电站(南京扬子江大道208号涵碧楼酒店充电站),32.040686,118.724245
B0KK0974Z7,汽车充电站(汉中门大街145号充电站内部专用-不对外),32.038293,118.749313
B0JRK6V5EU,汽车充电站(柚子充湖西街充换电站),32.026943,118.748795
B0IUNZG5MQ,云快充汽车充电站(西祠街区),32.028948,118.752551
B0G3T5OI4K,特来电汽车充电站(南京扬子江大道208号涵碧楼酒店),32.040327,118.722643
B0KKVL549I,极氪能源超级充电站(南京巧刻广场CHOC PARK极充站),32.016956,118.73149
B0K0J53ZZX,星星充电汽车充电站(怡康街灯杆018号),32.017108,118.740582
B0JU4GF11T,特来电充电站(南京扬子江大道208号涵碧楼酒店充电站),32.041372,118.722982
B0JUMHDT5X,南京易充汽车充电站(易充网鼓楼区枫亚苑路边站点),32.044384,118.74378
B0FFMD0GH2,南京易充汽车充电站(鼓楼区安国村路边站点),32.025336,118.752659
B0K1M9O1SD,平高智联汽车充电站(南英园区充电站),32.015465,118.73514
B0LB6G0FLF,小桔充电汽车充电站(马达出行-南京奥体翠杉园),32.01925,118.723878
B0HK916W28,云快充汽车充电站(建邺区奥体新城海棠园充电站),32.017611,118.726444
B0K0J54019,星星充电汽车充电站(月安街灯杆024号站),32.022937,118.720198
B0GDJR5HKN,能瑞电力汽车充电站(城市管理局),32.044911,118.743645
B0FFJ8AGCH,南京易充汽车充电站(易充网鼓楼区杏林新村路边站点),32.043606,118.74779
B0G125LV40,南京易充汽车充电站(鼓楼区凤凰西街1苏雅眼镜旁路边站点),32.041283,118.750796
B0FFM6TXIG,南京易充汽车充电站(易充网南京市建邺区新城科技园怡康街华隆新寓旁路边站点),32.015753,118.743423
B0JAXH5OX8,港华交通南京绿博园新能源汽车充电站,32.028875,118.715471
B0FFGHAD6E,比亚迪绿博园充电站,32.028934,118.715509
B0J37GR0EW,小桔充电汽车充电站(鑫玉隆建邺区绿溢国际广场),32.017389,118.748497
B0FFI6CX7T,南京易充汽车充电站(易充网鼓楼区郁金里汉中门大街附近路边站点),32.03977,118.754041
B0K3JY07MP,南京易充汽车充电站(易充网鼓楼区南京审计大学路边站点),32.0398,118.754005
B0JUMHE0Q1,南京易充汽车充电站(易充网鼓楼区华阳家园路边站点),32.045555,118.74815
B0KUY6VJW0,汽车充电站(易充网鼓楼区湘江路路边站点),32.048874,118.73746
B0K06N1JQ0,汽车充电站(弘电e充・宏普捷座),32.013237,118.734368
B0JUMH1HK9,南京易充汽车充电站(易充网鼓楼区凤凰西街2路边站点),32.041718,118.75283
B0JK17ECBV,特来电汽车充电站(港华交通南京绿博园扬子江大道地面站),32.02669,118.71474
B0JKHU76AA,蔚来能源汽车充电站(南京绿博园),32.02649,118.71485
B0KKJPXZ1N,昆仑网电汽车充电站(中国石油南京侨馨大厦充电站),32.046406,118.7475
B0KAFKAEVA,蔚来能源超级充电站(南京绿博园),32.026466,118.714775
B0KRGOKQGL,湘江路路边充电桩,32.049422,118.736934
B0K62P9GA1,汽车充电站(鲸充建邺区莫愁湖公园站),32.036343,118.757576
B0FFHJJ94Y,南京易充充电站(侨熙人家地下停车场),32.047008,118.747533
B0K3AYVDTQ,南京易充汽车充电站(易充网鼓楼区长江之家路边站点),32.050163,118.73312
B0JK54ESRW,广汽能源汽车充电站(昊铂南京中海环宇城超充站),32.044445,118.752174
B0FFHQ078H,普斯迪尔汽车充电站(侨馨大厦店),32.047204,118.747553
B0FFK737WU,特来电汽车充电站(南京中海环宇城二期),32.044619,118.752714
B0JU9H64DC,奥迪汽车充电站(南京中海环宇城),32.044549,118.752792
B0K3Z6EL7X,南京易充汽车充电站(易充网鼓楼区长江之家东路边站点),32.050835,118.73307
B0KDCSTT6Q,开鑫充电汽车充电站(南京中海环宇城),32.045586,118.752808
B0JUMHATOM,南京易充汽车充电站(易充网鼓楼区胜棋里荷花街路边站点),32.03923,118.75766
B0JUHRUIR8,南京易充汽车充电站(易充网南京市鼓楼区闽江路69号路边站点),32.05159,118.733017
B0JDY6N9C7,南京易充汽车充电站(易充网建邺区南湖体育场集中式充电站),32.02869,118.760544
B0FFI6IABI,普斯迪尔汽车充电站(沅江街),32.051618,118.733041
B0K1DBAK3I,捷易电汽车充电站(凯旋城A区停车场),32.00972,118.735756
B0FFIL7JFR,特斯拉超级充电站(南京市红星美凯龙欧洲城),32.009617,118.736789
B0KG953BHY,星星充电汽车充电站(星星充电-江心洲水务中心),32.045439,118.715929
B0JUMH9YSH,南京易充汽车充电站(易充网鼓楼区水利设计院宿舍路边站点),32.040516,118.759476
B0GKR5DBBM,星星充电汽车充电站(国际永续中心地下停车场店),32.045425,118.715867
B0K6VSYXZK,南京能瑞汽车充电站(建邺小区),32.010532,118.74665
B0K6VSUJ6H,南京能瑞汽车充电站(黄河花园8组团),32.049824,118.75077
B0GDJR5HMY,南京能瑞电力汽车充电站(银城广场),32.054041,118.738806
B0FFLAXCRI,南京易充汽车充电站(易充网鼓楼区漫城名苑路边站点),32.043599,118.75931
B0KKG56JC9,汽车充电站(汉庭南京河西金鹰酒店),32.015324,118.755779
B0HK9U4JWR,星星充电汽车充电站(南京星星乐山路),32.011816,118.719338
B0J2J6BL7Q,南京易充汽车充电站(莫愁湖公园管理处地下停车场),32.031908,118.763765
B0J6KG2KFG,小桔充电汽车充电站(银城广场),32.055032,118.738996
B0JD0DR3BE,特来电汽车充电站(南京江苏大剧院充电站),32.014981,118.714658
B0FFI6CH64,普斯迪尔汽车充电站(金陵图书馆停车场店),32.013258,118.717076
B0FFI6CH64,普斯迪尔汽车充电站(金陵图书馆停车场店),32.013258,118.717076
B0JUMHAEDH,南京易充汽车充电站(易充网南京市鼓楼区中保街1号路边站点),32.056067,118.735683
B0JRKKL5MT,南京易充汽车充电站(鼓楼区金湾花园路边站点),32.055943,118.733025
B0KKBKFNQU,广州蔚星汽车充电站(江苏嘉鼎天下新能源-双创园充电站),32.008575,118.74824
B0KUY6LAMM,南京易充汽车充电站(易充网鼓楼区丽江街路边站点),32.055943,118.74046
B0KRBKNPR7,南京易充汽车充电站(易充网南京市建邺区新城大厦),32.00608,118.73149
B0K2APWOA3,中充服汽车充电站(四方能源仁恒国际充电服务站),32.006077,118.73359
B0KK2UI06X,蔚来能源汽车充电站(南京龙江银城广场),32.055885,118.73933
B0K6JKLZ16,光宇智充汽车充电站(光宇智充润花园充电站),32.020381,118.763183
B0K0J5AKOA,星星充电汽车充电站(吉山路灯杆006号站),32.011849,118.755273
B0HAKZIRT3,鲸充汽车充电站(润花园B区商业电站),32.020151,118.763397
B0K0J58FM0,星星充电汽车充电站(吉山路灯杆008号站),32.011578,118.75508
B0K0J54FGZ,星星充电汽车充电站(吉山路灯杆007号站),32.011367,118.754957
B0JROLY4PD,南京易充汽车充电站(易充网建邺区万科.金色家园路边站点),32.037373,118.76597
B0JUHRZ8GP,南京易充汽车充电站(易充网南京市建邺区万科金色3号门附近路边站点),32.034763,118.76667
B0K0J53CUX,星星充电汽车充电站(莫愁湖东路灯杆027号),32.036245,118.766227
B0K6VSY8HD,南京能瑞汽车充电站(平湖中建码头),32.01561,118.76077
B0K0J57772,星星充电汽车充电站(莫愁湖东路灯杆025号),32.036004,118.766302
B0FFGCI4K1,汽车充电站(南京市政府采购中心西北),32.005034,118.730946
B0K3HL85RS,极氪能源超级充电站(南京元枫恒G19极充站),32.038013,118.705124
B0KG0PHU9U,库仑汽车充电站(清凉山体校超充站),32.053097,118.75488
B0J1MLWQY0,蔚来能源超级充电站(南京龙江银城广场),32.054962,118.739
B0J374OVK6,均悦充汽车充电站(南京兴宇大厦),32.040783,118.76618
B0K2H5K86Q,弘电e充汽车充电站(弘电e充・吉安大厦充电站),32.013093,118.761036
B0JUMH2WJW,南京易充汽车充电站(易充网建邺区金马郦城路边站点),32.005856,118.71952
B0FFHGNCVI,BUSTiL汽车充电站(画苑巷),32.05502,118.75379
B0J29H3II2,蔚来能源汽车充电站(南京好邻居黄山路),32.011949,118.710215
B0KRRUSTRP,蔚来能源汽车充电站(南京金陵江滨酒店),32.01179,118.710014
B0KK2UI07B,蔚来能源汽车充电站(南京金陵江滨酒店),32.011795,118.71005
B0JGKHP8G6,小桔充电汽车充电站(奥体大街199号金马郦城),32.0066,118.71624
B0GDV57EEK,特来电汽车充电站(南京兴隆大街充电站),32.006555,118.756118
B0G1YCT0KO,鲸充汽车充电站兴隆大街西城路停车场站,32.006121,118.755594
B0IBAM1A9D,江苏鲸充汽车充电站,32.005359,118.755294
B0H2T5NRNS,柚子充汽车充电站(凤台南路停车场站),32.00673,118.760358
B0FFLFLQ9I,特来电汽车充电站(南京虹悦城充电站),32.009463,118.765131
B0H647JT6T,特斯拉超级充电站(南京虹悦城),32.010061,118.765837
B0KR25GCKY,汽车充电站(润满电赛虹桥充电站21底站),32.006427,118.760956
B0HUMZUWCR,汽车充电站(鲸充雨花台区虹悦城站),32.00855,118.76626
B0H6BAFX9Z,鲸充汽车充电站(虹悦城站),32.007449,118.765203
B0IUNSFBDV,小桔充电汽车充电站(南京市雨花区长虹路),32.00575,118.764128
B0KRKPY2B3,驴充充汽车充电站(锦创中心汽车超级充电站),32.033554,118.8021
B0KKXDNQYN,理想汽车充电站(理想超充站南京秦淮区江苏饭店),32.032322,118.79272
B0J0U6X62E,极氪能源超级充电站(南京江苏饭店极充站),32.032375,118.792755
B0K37MJDO3,汽车充电站(秦淮区大光路街道八宝前街72号院16栋旁),32.02889,118.804679
B0JK27U35R,极氪能源超级充电站(南京中航科技大厦超充站),32.034595,118.80455
B0FFLMEX7C,万马爱充汽车充电站(万马爱充远洋国际站),32.03612,118.792462
B0HGZA26U9,特斯拉超级充电站(南京凯宾斯基酒店),32.034981,118.804991
B0K65UKDO5,小桔充电汽车充电站(鑫玉隆秦淮区斯亚财富中心),32.027388,118.79017
B0KD9PGUS2,汽车充电站(秦淮区三条巷92-1号教师发展中心充电站内部专用-不对外),32.037893,118.801848
B0JUMH10GI,南京易充汽车充电站(易充网秦淮区延龄巷5号布朗妮妮蛋糕店旁路边站点),32.035466,118.789616
B0K3VALWYV,汽车充电站(秦淮区瑞金路158号小区3栋旁充电站内部专用-不对外),32.032917,118.808249
B0KBK9F2U7,南京易充汽车充电站(易充网秦淮区大行宫长发中心商业广场路边站点),32.04009,118.79797
B0GDJR4LRS,南京能瑞汽车充电站(南京金陵中等专业学院),32.024153,118.791653
B0K0JKAJ6P,汽车充电站(瑞金路10号小区充电站内部专用-不对外),32.03153,118.808648
B0JK9HAODC,汽车充电站(秦淮区洪武路297号洪武公寓),32.032353,118.787454
B0KK7KDFD9,中充服汽车充电站(四方能源西安门518号充电服务站),32.038914,118.80551
B0KKKHQHZO,星星充电汽车充电站(扇骨营北路灯杆005号站),32.021702,118.802342
B0K30LZ6TP,极氪能源超级充电站(南京龙蟠汇购物中心极充站),32.021603,118.80217
B0HKFOYXCL,依威能源汽车充电站(龙台国际大厦店),32.040258,118.793036
B0K0J5DQAS,星星充电汽车充电站(扇骨营北路灯杆007号站),32.021463,118.802319
B0K1FLMCOV,小桔充电汽车充电站(S9超充站-总统府共享停车场),32.041827,118.798072
B0JUMH0STU,南京易充汽车充电站(易充网南京市秦淮区瑞鑫兰亭旁路边站点),32.029035,118.810468
B0K0J55XDW,星星充电汽车充电站(扇骨营北路灯杆009号站),32.021082,118.80227
B0J6HGEXEV,小桔充电汽车充电站(西安门),32.039848,118.806019
B0LB6Y5CWO,小桔充电汽车充电站(秦淮区机场宾馆超充站),32.020084,118.800482
B0KAMA2BEN,捷停车汽车充电站(南京新街口苏宁生活广场室内地下充电站),32.036835,118.786545
B0KDPY31T6,星星充电汽车充电站(星星充电-夫子庙水平方),32.023924,118.787286
B0K05UVSFT,理想汽车充电站(理想超充站南京秦淮区夫子庙水平方购物商场),32.023724,118.78743
B0K6JKSM6N,汽车充电站(南京新街口苏宁生活广场室内地下),32.036836,118.786544
B0JGYL0H26,小鹏汽车充电站(开放运营-小鹏超充南京新街口苏宁广场站),32.036865,118.786255
B0H0B5Z9C2,星星充电汽车充电站(中石化-星星充电-夫子庙水平方充电站),32.023926,118.787285
B0I05O19D9,壳牌充电汽车充电站(壳牌南京熊猫大厦地下快充站),32.04096,118.806114
B001911LEE,国家电网汽车充电站(江苏省南京市秦淮区夫子庙充电站),32.019954,118.792597
B0FFMGUKVT,南京易充汽车充电站(南京市秦淮区苏宁生活广场),32.037246,118.785996
B0JKKYA3M7,壳牌充电汽车充电站(壳牌南京熊猫大厦地下B1慢充站),32.041233,118.80602
B0K2FDHENM,小桔充电汽车充电站(马达出行-南京熊猫大厦),32.041768,118.805611
B0GKJCY78C,南京易充充电站(东宇大厦停车场),32.038868,118.786339
B0KKTBNEVU,捷易电汽车充电站(江苏文化大厦),32.037132,118.784515
B0J06HP2ZE,南京易充汽车充电站(易充网秦淮区大阳沟40号大院路边站点),32.027,118.812996
B0K0J53CVF,星星充电汽车充电站(象房村灯杆030号站),32.020862,118.810155
B0JUMH6Z1R,南京易充汽车充电站(易充网南京市玄武区新街口街道网巾市德基大厦旁路边站点),32.04451,118.790565
B0KUG6PPYO,南京能瑞汽车充电站(能瑞充电金宇饭店站),32.023346,118.81322
B0J1Z7HR7Q,云快充汽车充电站(电满满山水大酒店),32.04434,118.805768
B0L6YOPXZL,云快充汽车充电站(南京市公安局B区),32.035466,118.78146
B0G1SK7Y4S,速通充电站(斯亚・置地广场),32.043407,118.78811
B0HKX5SRO4,星星充电汽车充电站(不对外开放南京星星御道佳苑充电站),32.027606,118.815526
B0JA95A8RN,云快充汽车充电站(电满满御苑宾馆),32.034715,118.816717
B0HA9G5HFJ,小桔充电汽车充电站(南京市玄武区玄东科技园),32.046862,118.803214
B0K6VS0NA4,南京能瑞汽车充电站(迎宾小区),32.02887,118.81703
B0J17LFSNA,云快充汽车充电站(东鼎大厦),32.045688,118.806827
B0J3UL2U2E,南京易充汽车充电站(易充网玄武区外国语学校地下停车场充电站),32.047173,118.804115
B0FFHSG17Z,易充电动汽车充电站(新街口德基广场二期),32.044088,118.784847
B0JUV76DUN,华润能源汽车充电站,32.0223,118.78028
B0JUMH3RIJ,南京易充汽车充电站(秦淮区航空航天大学后标营路路边站点),32.031714,118.818864
B0FFLDQE5K,南京易充汽车充电站(秦淮区双塘街道洋珠巷弓箭坊投资大厦路边站点),32.022751,118.780161
B0K2XCCVVI,汽车充电站(柚子充光华东街17号站),32.023264,118.816945
B0H0ODZEHC,南京易充充电站(鸡鹅巷),32.048169,118.79182
B0I6THP50P,柚子充金陵饭店汽车充电站,32.042802,118.782077
B0FFHSGK3M,易充电动汽车充电站(新街口德基广场),32.045055,118.785127
B0JU5R6C2F,柚子充汽车充电站(柚子充南京市第一医院本院充电站),32.01722,118.78442
B0L65YMXVE,逸安启超级充电站(逸安启超充站-南京万象天地),32.022083,118.77985
B0GDTC08WO,星星充电汽车充电站(新街口金鹰),32.041022,118.780005
B0HAVS9XSF,星星充电充电站(新街口金鹰站),32.040967,118.780008
B0FFM0R1ZO,速通充电站(南京市第一医院本院),32.01756,118.783812
B0JUV7785Q,华润充电站(万象停车场),32.022758,118.778809
B0KGTN9GGN,闪开汽车充电站(文安街站),32.012714,118.801926
B0JU6L0VN7,云快充汽车充电站(绿城南航花房),32.03648,118.819214
B0KA57ELQI,特来电汽车充电站(凯迪拉克IQ尊享超充站南京ist艾尚天地站),32.046559,118.784816
B0IKVLJCF2,开迈斯汽车充电站(南京市金轮国际广场站),32.0428,118.78004
B0JKDU41F7,凯迪拉克IQ尊享超充站(南京ist艾尚天地站),32.046559,118.784815
B0FFHSO760,江苏绿城信息汽车充电站,32.038844,118.818931
B0JDBDBR4E,汽车充电站(南京星星华山饭店星星充电站),32.049993,118.804578
B0KKPSCHFL,小鹏超级充电站(开放运营-小鹏S4超快充南京艾尚天地站),32.04735,118.78502
B0J0J6I081,小桔充电汽车充电站(老门东P3停车场),32.012658,118.789097
B0J1G7D4HN,极氪能源超级充电站(南京艾尚天地超充站),32.047653,118.78504
B0K2ZU3OP3,蔚来能源超级充电站(南京融通华山饭店),32.05006,118.804794
B0IK3SNBK3,开迈斯汽车充电站(南京市IST艾尚天地站),32.04761,118.78488
B0H32R4OV4,云快充汽车充电站(佳充新能源),32.044477,118.780779
B0H6AAKVQ5,特斯拉超级充电站(南京艾尚天地),32.047984,118.78466
B0KK2UI7WA,蔚来能源汽车充电站(南京融通华山饭店),32.05011,118.80481
B0I665FD9P,星星充电汽车充电站(南京星星华山饭店充电站),32.049946,118.80624
B0HGCSIO9A,开迈斯充电站(雅居乐长乐渡),32.014115,118.784705
B0J356QHLJ,小桔充电汽车充电站(老门东P1停车场液冷超级),32.013161,118.786055
B0K0J53S73,星星充电汽车充电站(龙蟠南路灯杆487号站),32.00975,118.79679
B0KGF4WX9L,超翔汽车充电站(后标营35号),32.031494,118.82398
B0JUMHCQS9,南京易充汽车充电站(易充网秦淮区光华东街6-6号路边点位),32.023953,118.822765
B0JG6CPJB1,广汽能源汽车充电站(南京金鹰广汽能源快充站),32.050957,118.785565
B0HGCSI1P8,开迈斯充电站(雅居乐花园),32.008703,118.796771
B0KALP8POC,汽车充电站(Hi ZOOM充电站南京金蝶软件园),32.038025,118.82359
B0K03S176E,南京易充汽车充电站(易充网玄武区荷包套锦江之星旁路边站点),32.053032,118.80449
B0J356T1PL,星星充电汽车充电站(龙蟠南路灯杆497号站),32.008575,118.796439
B0G125LV4B,南京易充充电站(鱼市街92),32.052334,118.787362
B0KK75JMUK,星星充电汽车充电站(星星充电-观门口),32.01704,118.819844
B0KUDG6QPV,特斯拉目的地充电站(南京维景国际酒店目的地充电站),32.04076,118.82276
B0KDGKDZ5Y,南京易充汽车充电站(易充网秦淮区城开家园北京华联西150米路边站点),32.01746,118.820175
B0K0ON3BE8,闪开汽车充电站(南京秦淮旭光西路养老院),32.00748,118.800156
B0KDGKDCL1,南京易充汽车充电站(易充网秦淮区罗廊巷2号小区路边站点),32.038483,118.77046
B0K164M6AF,均悦充汽车充电站(南京建宇大厦二期),32.03073,118.769325
B0KKP4980H,均悦充汽车充电站(南京建宇大厦住宅部),32.03113,118.76936
B0KKBK0PT4,广州蔚星汽车充电站(江苏嘉鼎天下新能源-国创园充电站),32.02382,118.770226
B0JK6GW9H6,小桔充电汽车充电站(1865产业园),32.006476,118.79092
B0KGTN9O70,闪开汽车充电站(应天大街良辰美景站),32.00627,118.80442
B0K6C5VN6R,柚子充汽车充电站(柚子充罗廊巷停车场充电站),32.037376,118.76875
B0GDJR63UH,南京能瑞汽车充电站(西水关小游园),32.027922,118.768785
B0KAOPRBU3,峰谷智充汽车充电站(南京秦淮来凤新村小区位位充充电站鑫玉隆),32.022823,118.76962
B0KK0G5U8R,小桔充电汽车充电站(锦泽慢充站),32.007598,118.810389
B0G125KCCC,南京易充汽车充电站(易充网秦淮区紫苜路与紫金西路交叉口西南100米路边点位),32.022178,118.826458
B0K6OUTB44,南京易充汽车充电站(易充网鼓楼区南京市儿童医院路边站点),32.05126,118.77846
B0KAC51PQZ,来凤新村小区38号楼位位充社区汽车充电站,32.022853,118.769522
B0G125KXP9,南京易充汽车充电站(易充网建邺区莫愁东寓小区路边站点),32.031908,118.767087
B0K6OUVJZF,汽车充电站(鼓楼区南京市儿童医院路边站点),32.051249,118.778408
B0J2XDOG54,小桔充电汽车充电站(平安金融中心),32.041758,118.769127
B0J074G3C6,超翔汽车充电站(光华路经贸学院),32.01852,118.82564
B0J2V407NM,均悦充汽车充电站(南京翔宇大厦),32.03778,118.76789
B0I1O5BAES,万马爱充汽车充电站(万马爱充悦动产业园站),32.016508,118.770478
B0J29GTQE7,特斯拉目的地充电站(全季南京夫子庙长虹路酒店目的地充电站),32.0237,118.76696
B0L6PA84HM,理想汽车充电站(理想超充站南京秦淮区大报恩寺景区停车场),32.00686,118.78134
B0KK047YM6,小桔充电汽车充电站(建初寺停车场超充站),32.006922,118.781214
B0L6662O17,小鹏超级充电站(开放运营-小鹏S4超快充南京建初寺西南门停车场站),32.00642,118.78163
B0FFM0R0JN,速通充电汽车充电站(豆腐坊),32.017743,118.768566
B0J1KPZS29,驴充充汽车充电站(苏宁环球大厦交流充电站),32.051052,118.77423
B0GDJR474P,南京能瑞汽车充电站(天保前场),32.041543,118.767413
B0JRZPXS3F,国家电网汽车充电站(富贵山路店),32.051674,118.823492
B0KD5KLKXX,小桔充电汽车充电站(秦淮区商院路),32.014737,118.82783
B0K3CM6P26,壹号电汽车充电站(南京秦淮光华路充电站),32.014717,118.82789
B0K3CM6P26,壹号电汽车充电站(南京秦淮光华路充电站),32.014717,118.82789
B0K61ZSQJ9,云快充汽车充电站(中和桥交流站),32.008279,118.824412
B0FFM0Y4RL,特来电充电站(西营停车场店),32.005499,118.767957
B0HU55N1CQ,鲸充汽车充电站(世茂外滩新城站),32.083207,118.737541
B0HU1RD1MR,汽车充电站(鲸充鼓楼区世茂外滩新城站),32.082659,118.738318
B0J6DDE0AL,小桔充电汽车充电站(驿站充茂悦港),32.079341,118.732736
B0HKO1N0A4,云快充汽车充电站(鼓楼区世茂滨江充电站),32.079398,118.732606
B0J0ZN4LUA,国家电网汽车充电站(江苏省南京市鼓楼区复兴街口充电站),32.085885,118.740509
B0K3JG62ZQ,小桔充电汽车充电站(BP快速充电站南京鼓楼白云亭二期),32.078625,118.738075
B0J0J66O5H,小桔充电汽车充电站(BP快速充电站南京鼓楼白云亭一期),32.078765,118.739109
B0KACLW8JO,开鑫充电汽车充电站(南京白云亭),32.077992,118.738924
B0JU56XSOW,蔚来能源汽车充电站(南京世茂滨江希尔顿酒店),32.077988,118.73221
B0KK2UXKWW,蔚来能源汽车充电站(南京世茂滨江希尔顿酒店),32.077984,118.73212
B0J24ZHR1W,万马爱充汽车充电站(万马爱充滨江希尔顿酒店站),32.077045,118.73252
B0JUMH0SU7,南京易充汽车充电站(易充网鼓楼区姜家园117号-9号路边站点),32.08222,118.74469
B0KD061IC1,南京易充汽车充电站(易充网鼓楼区锋尚国际公寓路边站点),32.079994,118.744064
B0FFLHGTWQ,特来电汽车充电站(南京建宁路滨江),32.091428,118.736145
B0K1LYHD2B,柚子充汽车充电站(柚子充南京长江国际航运中心充电站),32.090046,118.74112
B0KBYZAEUT,鲸充汽车充电站(龙湖・春江紫宸),32.091691,118.735741
B0J351Q561,路特斯汽车充电站(南京世茂滨江希尔顿酒店闪充站),32.076396,118.732686
B0K6T4PYQL,广汽能源汽车充电站(昊铂南京大观天地超充站),32.09423,118.74358
B0IG15EK5M,闪开新能源汽车充电站(戴家巷店),32.0825,118.751065
B0JRN9V3KK,南京易充汽车充电站(鼓楼区盐仓桥北祖师庵5260号小区北路边站点),32.089813,118.74995
B0KKO4N180,广汽能源汽车充电站(广汽能源南京丁山花园酒店超充站),32.07698,118.750435
B0JDP5OAF0,特斯拉超级充电站(南京市丁山花园大酒店),32.076943,118.750497
B0FFJ8AHFN,南京能瑞汽车充电站(丁山花园酒店),32.077622,118.750841
B0KAC9QA48,蔚来能源超级充电站(南京丁山花园酒店),32.077564,118.75083
B0JUMH5GY8,南京易充汽车充电站(易充网南京市鼓楼区阅江街道盐仓桥11号小区东路边站点),32.088253,118.75111
B0KK2U0SAK,蔚来能源汽车充电站(南京丁山花园酒店),32.077564,118.750984
B0JK3DFW9S,江苏速仕通汽车充电站(速通深业滨江半岛鼓楼区深悦滨江公寓),32.097663,118.739544
B0JUMH5OQB,南京易充汽车充电站(易充网鼓楼区双门楼宾馆路边站点),32.082092,118.753265
B0KD0612W6,汽车充电站(易充网鼓楼区郑和南路路边站点),32.067173,118.73555
B0GK65QC6Z,特来电充电站(大桥南路14号),32.087292,118.754645
B0KDJ6NGML,汽车充电站(佳盛花园),32.069206,118.745476
B0ID0LVGC1,小桔充电汽车充电站(阅江楼景区),32.095262,118.75024
B0FFHN5QJM,嘉钰新能源汽车充电站(阅江楼景区停车场),32.095353,118.750714
B0KROPQFKD,小桔充电汽车充电站(柚子充古南都大桥饭店),32.0924,118.7544
B0K26BX801,中国石化汽车充电站(浦口码头充电站),32.09818,118.72305
B0J1148699,特来电汽车充电站(南京智梦园充电站),32.072051,118.754622
B0L6YOKSU9,云快充汽车充电站(宿迁市湖滨新区消防救援大队),32.064306,118.731737
B0K6V6UHXZ,南京易充汽车充电站(易充网鼓楼区检察院路边站点),32.064342,118.74298
B0JUMH9425,南京易充汽车充电站(易充网鼓楼区金川花苑路边站点),32.088127,118.75825
B0JUMH4M6A,南京易充汽车充电站(鼓楼区萨家湾花苑萨家湾路边站点),32.08331,118.75911
B0HK3CTKUK,云快充汽车充电站(纬三路的士服务中心),32.063768,118.731028
B0K0KKVX2P,云快充汽车充电站(鼓楼区南工大研究所),32.089803,118.757939
B0KRFHS3OY,汽车充电站(润满电古平岗站),32.071207,118.75497
B0JRKKO5DY,南京易充汽车充电站(易充网鼓楼区铁路北街路边站点),32.08368,118.76021
B0JUMH81K1,南京易充汽车充电站(易充网鼓楼区金陵名座路边站点),32.063484,118.74727
B0HRYDFXAM,柚子充汽车充电站(宝船听涛广场站),32.061001,118.735732
B0K6X7YL25,特来电汽车充电站(方家营停车场充电站),32.101779,118.750887
B0K3F6CM6E,柚子充汽车充电站(柚子充宝船听涛广场二期充电站),32.06066,118.73589
B0JKFBWU8T,小桔充电汽车充电站(宝船听涛),32.06045,118.73625
B0JUHR1D98,南京易充汽车充电站(易充网鼓楼区三牌楼小区一号门附近路边站点),32.081078,118.76316
B0KAZ5JIB8,汽车充电站(桥景苑西门地面停车场),32.097834,118.756826
B0KAZ5DOFY,汽车充电站(桥景苑3栋地面停车场),32.097834,118.756826
B0JR07TNXM,均悦充汽车充电站(南京虹桥中心),32.07681,118.762535
B0L6ZKOYG2,广州蔚星汽车充电站(五所村221号慢充站),32.08949,118.76258
B0J2TZ44V5,特来电汽车充电站(南京扬子江国际会议中心慢充充电站),32.08172,118.706768
B0I0ML2BGE,特来电汽车充电站(南京迎江路充电站),32.107437,118.729356
B0IK3DOS3B,特来电汽车充电站(南京新城市花园充电站),32.058724,118.742072
B0IK5GNN0D,小桔充电汽车充电站(水关桥),32.100063,118.757928
B0K1Y766NP,汽车充电站(润满电水关桥充电站),32.099246,118.758109
B0FFLJ1W24,云快充汽车充电站(金阜雅苑站),32.086951,118.765466
B0GDJR4LRU,能瑞电力汽车充电站(宝船听涛),32.058397,118.732417
B0L6YOSATR,云快充汽车充电站(金阜雅苑),32.08735,118.765082
B0JUHR2844,南京易充汽车充电站(易充网浦口区新马路浦园路公交站路边站点),32.102222,118.715744
B0G25YRYQ8,小桔充电汽车充电站(柚子充金川科技园),32.090782,118.76474
B0JRDZSF2D,柚子充汽车充电站(柚子充金川科技园2期充电站),32.090527,118.764824
B0LBNAD35W,南京易充汽车充电站(易充网南京市鼓楼区水佑岗22号小区旁路边站点),32.06784,118.75988
B0K13L31VA,小桔充电汽车充电站(柚子充金川科技园2期),32.090527,118.764824
B0JU975JZY,特来电汽车充电站(南京扬子江国际会议中心快充充电站),32.080771,118.705566
B0G125LV3W,南京易充汽车充电站(水关桥油运小区店),32.099054,118.76011
B0J16L0XQS,云快充汽车充电站(电满满黄河大厦),32.057362,118.743776
B0FFMCPJAW,南京易充充电站(鼓楼区龙园东路桥下站),32.058945,118.748761
B0J3CM3M0N,大斑马充电站,32.099987,118.759969
B0KGL5XVLY,星星充电汽车充电站(星星充电-总台江苏总站),32.061018,118.756865
B0G2M10JTH,星星充电汽车充电站(宁夏路停车场),32.068424,118.765032
B0KU766W8N,南京易充汽车充电站(易充网鼓楼区森林湾花园路边站点),32.100044,118.764786
B0FFH6DAOC,西康宾馆能瑞电力科技电动汽车充电站,32.062828,118.762572
B0K15KN1DR,国家电网汽车充电站(燕江路路灯充电桩2),32.108582,118.757404
B0K0J5ARX2,星星充电汽车充电站(燕江路灯杆080号),32.108653,118.75758
B0IAHL5RFC,云快充汽车充电站(泰康之家吴园),32.061707,118.763232
B0GKK6UHAN,南京能瑞电力汽车充电站(西康宾馆),32.062649,118.764246
B0K2Z6T5AC,南京易充汽车充电站(易充网鼓楼金灿量贩式KTV南-燕江园小区路边站点),32.106384,118.765076
B0K11N40P0,南京易充汽车充电站(易充网鼓楼区燕归园宝燕南路20号路边站点),32.10631,118.76644
B0FFL16941,星星充电汽车充电站(不对外开放南京星星天正桃源)(暂停营业),32.084857,118.744647
B0FFI6NQQK,云快充汽车充电站(玄武区榴莲小星充电站),32.083586,118.798081
B0JDGPRY8E,小桔充电汽车充电站(柚子充江苏辰茂新世纪大酒店),32.08326,118.80028
B0KAF5HYT1,汽车充电站(柚子充新世纪大酒店站),32.083636,118.800689
B0JG4K7H5R,南京易充汽车充电站(易充网南京火车站南广场地下停车场),32.085814,118.79556
B0H1LNF4LH,云快充汽车充电站(玄武区小红山客运站),32.087236,118.800564
B0JUZ14P2E,汽车充电站(玄武区小红山客运站),32.087797,118.799094
B0HKTRI0BR,蔚来能源汽车充电站(蔚来超充站南京玄武湖),32.080926,118.803027
B0IKGD42I1,小桔充电汽车充电站(玄武区小红山客运站),32.087847,118.799103
B0KK2U9G84,蔚来能源汽车充电站(南京玄武湖),32.080868,118.80294
B0GKNZ6JPM,开迈斯充电站(南京汽车客运站店),32.087107,118.801503
B0K3DPRGCD,光宇智充汽车充电站(光宇智充南京汽车客运站充电站),32.087402,118.80157
B0FFMGQQ1U,云快充汽车充电站(南京站店),32.088788,118.799322
B0JK3DCCQE,汽车充电站(曹后村邮电宿舍地面停车场),32.084874,118.804821
B0JGBL8NDI,南京易充汽车充电站(玄武区黄家圩南京站北广场地下停车场),32.090032,118.796592
B0JR07VJTF,均悦充汽车充电站(南京玄武曹后二三村),32.0862,118.80715
B0K3BMQU07,南京玄武区柚米社区充电站,32.083992,118.80842
B0K36PET4D,小桔充电汽车充电站(玄武区柚米社区),32.083991,118.808415
B0K0JK5193,汽车充电站(南京玄武区红山南路),32.083991,118.808415
B0K0JK8E89,飞电快充汽车充电站(南京玄武区红山南路充电站),32.083992,118.80842
B0K0H5K0RL,飞电快充汽车充电站(南京玄武区柚米社区充电站),32.084026,118.80889
B0KA7L464R,南京易充汽车充电站(易充网南京市鼓楼区红山创意工厂产业园路边站点),32.092293,118.79592
B0K2F682C7,均悦充汽车充电站(南京玄武曹后一村),32.08632,118.80869
B0KUL79HDM,极氪能源超级充电站(南京常发广场极充站),32.08671,118.80981
B0H0LAFZEN,汽车充电站(润满电红山路站),32.088056,118.809014
B0IDOH2QO0,蔚来能源目的地充电站(南京红山路纳科汽车生活广场),32.086789,118.809931
B0KULKBL63,蔚来能源汽车充电站(南京红山路纳科汽车生活广场),32.08707,118.809875
B0JRLK3GLU,柚子充汽车充电站(柚子充中北的士公司),32.090018,118.808372
B0KAUK7TYE,汽车充电站(江苏安充六角广场能量中心),32.079758,118.810646
B0JUMH6Z1H,南京易充汽车充电站(易充网南京市鼓楼区红山黄家圩38号小区北路边站点),32.09415,118.79631
B0JR06JA6U,广汽能源汽车充电站(昊铂南京常发广场超充站),32.08569,118.8109
B0HAV68L7M,特斯拉超级充电站(南京常发广场),32.086673,118.810749
B0IGOXKSH7,东华红山汽车生活广场充电站,32.088226,118.809976
B0L65YCPG4,逸安启超级充电站(逸安启超充站-南京常发广场),32.08569,118.8109
B0JR7KB2BM,云快充汽车充电站(小市泰和园),32.093159,118.791806
B0G33ZVYRM,国家电网汽车充电站(东华红山汽车生活广场红山路充电站),32.088522,118.81106
B0HKV54P5S,星星充电汽车充电站(中石化和燕路),32.094492,118.792399
B0KA7KZ1CN,昆仑网电汽车充电站(中国石油南京红山充电站),32.085274,118.81244
B0JBHHV26Q,汽车充电站(鲸充鼓楼区金盛百货站),32.096264,118.797606
B0K6C5T2XT,汽车充电站(小朗充电-后大树根3栋旁充电站内部专用-不对外),32.07663,118.785152
B0KBXPKSGS,驴充充汽车充电站(天正国际广场内充电站),32.08507,118.78304
B0JUVG4TNQ,小桔充电汽车充电站(金盛百货),32.096271,118.797613
B0K6XPY3OT,蔚来能源目的地充电站(南京香格里拉酒店),32.078445,118.782776
B0JUURMW1Z,中国铁塔汽车充电站(江苏南京铁塔广场充电站),32.084873,118.81454
B0KKHO8L7O,中充服汽车充电站(四方能源燕语华庭充电服务站),32.095497,118.78857
B0H2NZENZO,小桔充电汽车充电站(南京市玄武区红山路),32.095696,118.808237
B0KA2LCJQI,南京易充汽车充电站(易充网鼓楼区新金茂花园路边站点),32.08291,118.78029
B0J1X5X0HQ,南京易充汽车充电站(易充网鼓楼区金贸大街路边站点),32.078327,118.78143
B0L6YOLFZU,云快充汽车充电站(南京市公安局玄武分局)(内部专用),32.09611,118.809421
B0J6HGH6DF,小桔充电汽车充电站(中央门客运站西门),32.089297,118.780268
B0J22AWVZC,江苏安充充电站,32.092101,118.782197
B0KAUKFAJ5,汽车充电站(江苏安充玉桥能量中心),32.090845,118.780858
B0K2K5O5ZZ,云快充汽车充电站(绿城天盛大厦交流),32.072026,118.783248
B0FFIWICUF,万马爱充汽车充电站(万马爱充玉桥国际公寓站),32.092649,118.781209
B0KKFDHM98,小桔充电汽车充电站(万马爱充玉桥国际公寓站),32.092787,118.780356
B0J1F63Y5Q,汽车充电站(光宇智充玉桥市场龙湖紫都城超充站),32.093067,118.7795
B0I0GLMBMG,汽车充电站(鲸充鼓楼区龙湖紫都站),32.093163,118.779357
B0HG3RF9J1,特来电汽车充电站(南京玄武湖),32.069009,118.813139
B0JUMH23FU,南京易充汽车充电站(易充网鼓楼区长江新村5号院路边站点),32.079227,118.776276
B0JAHA2JPY,小桔充电汽车充电站(南京市金盛国际美博城汽车充电站),32.089238,118.776519
B0KBB7NF3I,特来电汽车充电站(南京金碧路充电站),32.09624,118.781585
B0L6YOLNPZ,云快充汽车充电站(南京复地新都国际二期),32.102134,118.798954
B0L626SZN5,小鹏超级充电站(开放运营-小鹏S4超快充南京金盛美博城站),32.08934,118.776375
B0KAV6BSF4,南京易充汽车充电站(易充网田家炳中学),32.083534,118.77464
B0FFIQRFXT,特来电汽车充电站(南京恒嘉路颐和家园),32.094507,118.817673
B0J65RI9OT,特来电汽车充电站(南京钟山风景区旅游集散中心充电站三期),32.067438,118.813192
B0J65RKM9M,特来电充电站(南京钟山风景区旅游集散中心四期),32.067624,118.813623
B0J656FTRH,特来电汽车充电站(南京钟山风景区旅游集散中心充电站二期),32.067186,118.813297
B0KGTP6H1K,小桔充电汽车充电站(喜年花生唐),32.09721,118.78027
B0KAX7FGFU,汽车充电站(南京鼓楼花样年),32.097209,118.780277
B0J6UDKNQK,特来电汽车充电站(南京钟山风景区旅游集散中心充电站一期),32.066636,118.813629
B0J2TPT3T7,特来电汽车充电站(南京钟山风景区旅游集散中心充电站四期),32.066649,118.813653
B0JUV627VD,南京能瑞汽车充电站(能瑞充电和燕路迈皋桥老街停车场站),32.102905,118.807553
B0KUL4F8DV,均悦充汽车充电站(南京天山汇景园),32.063496,118.78852
B0KD060NH1,南京易充汽车充电站(易充网鼓楼区童家巷路边站点),32.07237,118.77622
B0KRODRIQ4,柚子充汽车充电站(柚子充北崮山460号停车场充电站),32.103294,118.78951
B0JUMH8H09,南京易充汽车充电站(易充网鼓楼区王子国际娱乐会所路边站点),32.08445,118.77262
B0KGRBBTMU,中国石化汽车充电站(宁川科技园充电站),32.0913,118.77412
B0I0YGVQJA,星星充电汽车充电站(喜年花生唐),32.098604,118.779379
B0KACLSTBR,充电喵汽车充电站(迈皋桥街258停车场充电站),32.104614,118.80496
B0J03KYZNW,壳牌充电汽车充电站(壳牌南京金地梧桐里地面快充站),32.072667,118.821141
B0KDX5QW4A,云快充汽车充电站(江苏华东有色地质物资供销有限公司),32.091576,118.77358
B0JGHHTSX6,南京能瑞汽车充电站(能瑞充电南医大学第二附属医院站),32.104247,118.807416
B0KD975LRZ,特来电汽车充电站(南京华洋电气充电站),32.10152,118.782306
B0JRFHR933,小鹏目的地充电站(开放运营-小鹏目充南京万谷智慧硅巷站),32.09144,118.77346
B0KARU9MNY,车融汇(中央北路充电站),32.101596,118.782456
B0I3A5SEZ7,汽车充电站(速通玄武湖假日酒店),32.066417,118.816378
B0KU76RDMV,南京易充汽车充电站(易充网鼓楼区尊园路边站点),32.100555,118.779945
B0KGR5NL4I,星星充电汽车充电站(中石化-星星充电-南邮大厦),32.077649,118.770941
B0J2R7UGGF,特来电汽车充电站(南京鼓楼吾悦广场充电站),32.067699,118.776939
B0JDRHKNK4,特斯拉超级充电站(南京鼓楼吾悦广场店),32.067572,118.776752
B0K1JPF098,云快充汽车充电站(玄武华新西路充电站),32.084346,118.826223
B0JUMHD7GR,南京易充汽车充电站(易充网南京市鼓楼区金峰大厦路边站点),32.062732,118.783154
B0JKSGSDHS,小桔充电汽车充电站(BP快速充电站南京玄武太阳宫),32.0634,118.81411
B0FFL24BS2,云快充汽车充电站(江苏师范石湫校区篮球场),32.059344,118.796624
B0LB6YXFVN,小桔充电汽车充电站(玄武华新西路超充站),32.084607,118.826312
B0L6YOR0L6,云快充汽车充电站(江苏师范草场门校区停车场),32.059344,118.796624
B0FFJ8AASR,绿城充电站(南京太阳宫),32.063647,118.814502
B0KAUPJI8I,特来电汽车充电站(凯迪拉克IQ尊享超充站南京鼓楼吾悦广场站),32.067073,118.776628
B0HGJCKL66,星星充电汽车充电站(锦华大厦高低压直流),32.105407,118.80945
B0HGU6CORI,南京能瑞汽车充电站(能瑞充电营盘山站),32.065273,118.817655
B0JUMH6BX4,南京易充汽车充电站(易充网南京市玄武区板仓街49号路边站点),32.071846,118.82353
B0H2U6OKUO,南京能瑞汽车充电站(能瑞充电华电科技园停车场站),32.102409,118.816047
B0JKDU3M4P,凯迪拉克IQ尊享超充站(南京鼓楼吾悦广场站),32.067073,118.776627
B0J21XASSB,特来电充电站(南京鼓楼吾悦广场充电站),32.066857,118.776133
B0FFKEQ2V3,特来电汽车充电站(南京鼓楼吾悦广场),32.066876,118.776126
B0JUMH10GP,南京易充汽车充电站(易充网鼓楼区孙家洼张王庙61号路边站点),32.101173,118.77798
B0HGJAI2VA,特来电汽车充电站(南京三牌楼充电站),32.076352,118.769808
B0FFGZZV8O,普斯迪尔汽车充电站(环亚凯瑟琳广场停车场),32.059878,118.787858
B0JAC6GVMO,星星充电汽车充电站(中央金地),32.092231,118.770598
B0G125KCC6,南京易充汽车充电站(南京市玄武区樱驼花园路边站点),32.082514,118.828092
B0KB156Y9Q,柚子充汽车充电站(柚子充仕高大厦充电站),32.075375,118.826805
B0G125LG72,南京易充汽车充电站(易充网鼓楼区南京索菲特银河大酒店路边站点),32.064534,118.776824
B0JUMH5ORE,南京易充汽车充电站(易充网南京市玄武区迈皋桥北苑小区路边站点),32.101803,118.81937
B0KUG66M1U,南京能瑞汽车充电站(能瑞充电华江饭店站),32.07166,118.770454
B0JDGPUALA,小桔充电汽车充电站(家享充山西路百货大楼),32.06709,118.773956
B0JUMH4TWZ,南京易充汽车充电站(易充网玄武区中国医学科学院皮肤病医院路边站点),32.080521,118.829004
B0KAS4L1UK,小鹏汽车充电站(开放运营-小鹏超充南京山西路苏宁银河广场站),32.0674,118.772766
B0JBUG8SQC,特来电汽车充电站(特来电南京北京东路4号荔枝广场充电站),32.058167,118.785984
B0KDGKFVIZ,南京易充汽车充电站(易充网鼓楼区中山北路龙吟广场东路边站点),32.071133,118.77003
B0JGKHQBZ7,鲸充汽车充电站(鼓楼区中环国际广场站),32.06684,118.7727
B0IKO54EI4,汽车充电站(射手座行星超能舱南京北苑一村),32.103379,118.819404
B0JGXYV1JP,鲸充汽车充电站(鼓楼区中山北路105号站),32.066856,118.7726
B0KAV6VKXG,南京易充汽车充电站(易充网鼓楼区龙吟广场地下停车场充电站),32.07068,118.76956
B0FFL8P1Z9,万马爱充汽车充电站(万马爱充山西路TOUCH酒店站),32.066899,118.771922
B0J2Z72K0B,汽车充电站(金达花园A区),32.097654,118.769726
B0KA37SQ5P,特来电汽车充电站(南京郭家山广场充电站项目),32.09995,118.77081
B0HK3CRNXI,云快充汽车充电站(佳充鼓楼区傅佐路),32.064427,118.772895
B0G125L8DA,南京易充汽车充电站(易充网鼓楼区虎啸花园路边站点),32.069122,118.7685
B0J0UH9VE8,汽车充电站(金达花园D区),32.097868,118.768548
B0FFJY38YY,比亚迪汽车充电站(莫愁新寓大巴场站),32.066378,118.769791
B0JKDH85ZL,汽车充电站(盛景园4栋地面停车场),32.108589,118.78005
B0KG5HBDVI,小桔充电汽车充电站(栖霞区丰清路),32.108769,118.817206
B0JUHRTJKD,南京易充汽车充电站(易充网鼓楼区幕府西路33号附近路边站点),32.1043,118.77311
B0KA7P3O1X,小桔充电汽车充电站(栖霞区北苑西路),32.108856,118.817459
B0GUS7O8Z4,南京能瑞汽车充电站(苏兴大厦有序充电),32.05942,118.776034
B0LB6G0UYZ,小桔充电汽车充电站(栖霞区丰清路二期),32.108769,118.817206
B0KD061Q2N,南京易充汽车充电站(易充网鼓楼区丁香花园路边站点),32.062565,118.771324
B0J2V435J4,库仑汽车充电站(金域中央广场汉庭酒店站),32.106483,118.77331
B0GDJR3REC,能瑞电力汽车充电站(颐和路公馆),32.06245,118.77007
B0J1J4EZ7Y,均悦充汽车充电站(南京金域中央地下停车场),32.10657,118.7732
B0JUJZKOAZ,云快充汽车充电站(邦联智能幕府西路充电站),32.101265,118.767029
B0J0UMYE0K,汽车充电站(蔚来超充站南京幕府西路),32.103927,118.769379
B0KULRGT3H,极氪能源超级充电站(南京幕府西路极充站),32.10414,118.76916
B0JR07RIZJ,均悦充汽车充电站(南京祥和佳园),32.1044,118.826775
B0H2NCF6VX,汽车充电站(鲸充鼓楼区中国石化金大加油站站),32.106653,118.771373
B0KKT99JXK,蔚来能源汽车充电站(南京幕府西路),32.104343,118.76908
B0JD7611J7,南京易充汽车充电站(易充网江雁依山郡东北门地面停车场充电站),32.1048,118.76858
B0JU6L30KQ,云快充汽车充电站(邦联智能幕府西路),32.108306,118.77311
B0KRODSZSZ,安充智能汽车充电站(江雁依山郡),32.10532,118.76904
B0KBG66WP7,汽车充电站(江雁依山郡),32.105354,118.769005
B0KK7RJ01Y,小桔充电汽车充电站(家享充栖霞区锦麟融誉府社区),32.10845,118.825097
